Workbook

Sheet Summary
A1: Configuration | B1: Initial X | C1: Final Y | D1: Ratio X/Y | E1: Reduction X−Y | F1: Runs (n) | G1: Mean ROI (%) | H1: CV (%) | I1: Win vs Unfiltered (%) | J1: Min | K1: Q1 | L1: Median | M1: Q3 | N1: Max | O1: IQR | P1: Outliers
A2: 20->10 | B2: 20 | C2: 10 | D2: =B2/C2 -> 2 | E2: =B2-C2 -> 10 | F2: =COUNT('Raw (GPT-5.1)'!$D$2:$D$71) -> 70 | G2: =AVERAGE('Raw (GPT-5.1)'!$D$2:$D$71) -> 60.571143 | H2: =STDEV('Raw (GPT-5.1)'!$D$2:$D$71)/ABS(G2)*100 -> 30.477315 | I2: =AVERAGEIF('Matched (win calc)'!$A$2:$A$244,A2,'Matched (win calc)'!$F$2:$F$244)*100 -> 81.481481 | J2: =MIN('Raw (GPT-5.1)'!$D$2:$D$71) -> 28.95 | K2: =QUARTILE('Raw (GPT-5.1)'!$D$2:$D$71,1) -> 49.6925 | L2: =MEDIAN('Raw (GPT-5.1)'!$D$2:$D$71) -> 56.955 | M2: =QUARTILE('Raw (GPT-5.1)'!$D$2:$D$71,3) -> 68.1725 | N2: =MAX('Raw (GPT-5.1)'!$D$2:$D$71) -> 112.38 | O2: =M2-K2 -> 18.48 | P2: =COUNTIF('Raw (GPT-5.1)'!$D$2:$D$71,"<"&(K2-1.5*O2))+COUNTIF('Raw (GPT-5.1)'!$D$2:$D$71,">"&(M2+1.5*O2)) -> 4
A3: 10->5 | B3: 10 | C3: 5 | D3: =B3/C3 -> 2 | E3: =B3-C3 -> 5 | F3: =COUNT('Raw (GPT-5.1)'!$D$72:$D$142) -> 71 | G3: =AVERAGE('Raw (GPT-5.1)'!$D$72:$D$142) -> 56.217746 | H3: =STDEV('Raw (GPT-5.1)'!$D$72:$D$142)/ABS(G3)*100 -> 42.367482 | I3: =AVERAGEIF('Matched (win calc)'!$A$2:$A$244,A3,'Matched (win calc)'!$F$2:$F$244)*100 -> 77.777778 | J3: =MIN('Raw (GPT-5.1)'!$D$72:$D$142) -> 8.39 | K3: =QUARTILE('Raw (GPT-5.1)'!$D$72:$D$142,1) -> 35.22 | L3: =MEDIAN('Raw (GPT-5.1)'!$D$72:$D$142) -> 52.43 | M3: =QUARTILE('Raw (GPT-5.1)'!$D$72:$D$142,3) -> 70.55 | N3: =MAX('Raw (GPT-5.1)'!$D$72:$D$142) -> 129.21 | O3: =M3-K3 -> 35.33 | P3: =COUNTIF('Raw (GPT-5.1)'!$D$72:$D$142,"<"&(K3-1.5*O3))+COUNTIF('Raw (GPT-5.1)'!$D$72:$D$142,">"&(M3+1.5*O3)) -> 3
A4: 10->3 | B4: 10 | C4: 3 | D4: =B4/C4 -> 3.3333333 | E4: =B4-C4 -> 7 | F4: =COUNT('Raw (GPT-5.1)'!$D$143:$D$213) -> 71 | G4: =AVERAGE('Raw (GPT-5.1)'!$D$143:$D$213) -> 54.050141 | H4: =STDEV('Raw (GPT-5.1)'!$D$143:$D$213)/ABS(G4)*100 -> 51.39437 | I4: =AVERAGEIF('Matched (win calc)'!$A$2:$A$244,A4,'Matched (win calc)'!$F$2:$F$244)*100 -> 74.074074 | J4: =MIN('Raw (GPT-5.1)'!$D$143:$D$213) -> 29.35 | K4: =QUARTILE('Raw (GPT-5.1)'!$D$143:$D$213,1) -> 40.1 | L4: =MEDIAN('Raw (GPT-5.1)'!$D$143:$D$213) -> 42.93 | M4: =QUARTILE('Raw (GPT-5.1)'!$D$143:$D$213,3) -> 56.495 | N4: =MAX('Raw (GPT-5.1)'!$D$143:$D$213) -> 172.18 | O4: =M4-K4 -> 16.395 | P4: =COUNTIF('Raw (GPT-5.1)'!$D$143:$D$213,"<"&(K4-1.5*O4))+COUNTIF('Raw (GPT-5.1)'!$D$143:$D$213,">"&(M4+1.5*O4)) -> 8
A5: 20->5 | B5: 20 | C5: 5 | D5: =B5/C5 -> 4 | E5: =B5-C5 -> 15 | F5: =COUNT('Raw (GPT-5.1)'!$D$214:$D$286) -> 73 | G5: =AVERAGE('Raw (GPT-5.1)'!$D$214:$D$286) -> 50.383151 | H5: =STDEV('Raw (GPT-5.1)'!$D$214:$D$286)/ABS(G5)*100 -> 52.5852 | I5: =AVERAGEIF('Matched (win calc)'!$A$2:$A$244,A5,'Matched (win calc)'!$F$2:$F$244)*100 -> 74.074074 | J5: =MIN('Raw (GPT-5.1)'!$D$214:$D$286) -> -37.33 | K5: =QUARTILE('Raw (GPT-5.1)'!$D$214:$D$286,1) -> 40.5 | L5: =MEDIAN('Raw (GPT-5.1)'!$D$214:$D$286) -> 46.87 | M5: =QUARTILE('Raw (GPT-5.1)'!$D$214:$D$286,3) -> 60.44 | N5: =MAX('Raw (GPT-5.1)'!$D$214:$D$286) -> 128.54 | O5: =M5-K5 -> 19.94 | P5: =COUNTIF('Raw (GPT-5.1)'!$D$214:$D$286,"<"&(K5-1.5*O5))+COUNTIF('Raw (GPT-5.1)'!$D$214:$D$286,">"&(M5+1.5*O5)) -> 10
A6: unfiltered | B6: n/a | C6: n/a | D6: n/a | E6: n/a | F6: =COUNT('Raw (GPT-5.1)'!$D$287:$D$313) -> 27 | G6: =AVERAGE('Raw (GPT-5.1)'!$D$287:$D$313) -> 45.683704 | H6: =STDEV('Raw (GPT-5.1)'!$D$287:$D$313)/ABS(G6)*100 -> 27.096211 | I6: baseline | J6: =MIN('Raw (GPT-5.1)'!$D$287:$D$313) -> 28.79 | K6: =QUARTILE('Raw (GPT-5.1)'!$D$287:$D$313,1) -> 36.045 | L6: =MEDIAN('Raw (GPT-5.1)'!$D$287:$D$313) -> 41.89 | M6: =QUARTILE('Raw (GPT-5.1)'!$D$287:$D$313,3) -> 52.42 | N6: =MAX('Raw (GPT-5.1)'!$D$287:$D$313) -> 72.88 | O6: =M6-K6 -> 16.375 | P6: =COUNTIF('Raw (GPT-5.1)'!$D$287:$D$313,"<"&(K6-1.5*O6))+COUNTIF('Raw (GPT-5.1)'!$D$287:$D$313,">"&(M6+1.5*O6)) -> 0
A7: 30->15 | B7: 30 | C7: 15 | D7: =B7/C7 -> 2 | E7: =B7-C7 -> 15 | F7: =COUNT('Raw (GPT-5.1)'!$D$314:$D$376) -> 63 | G7: =AVERAGE('Raw (GPT-5.1)'!$D$314:$D$376) -> 44.196508 | H7: =STDEV('Raw (GPT-5.1)'!$D$314:$D$376)/ABS(G7)*100 -> 43.179148 | I7: =AVERAGEIF('Matched (win calc)'!$A$2:$A$244,A7,'Matched (win calc)'!$F$2:$F$244)*100 -> 40.740741 | J7: =MIN('Raw (GPT-5.1)'!$D$314:$D$376) -> 15.04 | K7: =QUARTILE('Raw (GPT-5.1)'!$D$314:$D$376,1) -> 32.39 | L7: =MEDIAN('Raw (GPT-5.1)'!$D$314:$D$376) -> 41.5 | M7: =QUARTILE('Raw (GPT-5.1)'!$D$314:$D$376,3) -> 51.46 | N7: =MAX('Raw (GPT-5.1)'!$D$314:$D$376) -> 94.55 | O7: =M7-K7 -> 19.07 | P7: =COUNTIF('Raw (GPT-5.1)'!$D$314:$D$376,"<"&(K7-1.5*O7))+COUNTIF('Raw (GPT-5.1)'!$D$314:$D$376,">"&(M7+1.5*O7)) -> 6
A8: 5->3 | B8: 5 | C8: 3 | D8: =B8/C8 -> 1.6666667 | E8: =B8-C8 -> 2 | F8: =COUNT('Raw (GPT-5.1)'!$D$377:$D$447) -> 71 | G8: =AVERAGE('Raw (GPT-5.1)'!$D$377:$D$447) -> 42.164225 | H8: =STDEV('Raw (GPT-5.1)'!$D$377:$D$447)/ABS(G8)*100 -> 26.262709 | I8: =AVERAGEIF('Matched (win calc)'!$A$2:$A$244,A8,'Matched (win calc)'!$F$2:$F$244)*100 -> 40.740741 | J8: =MIN('Raw (GPT-5.1)'!$D$377:$D$447) -> 24.06 | K8: =QUARTILE('Raw (GPT-5.1)'!$D$377:$D$447,1) -> 37.41 | L8: =MEDIAN('Raw (GPT-5.1)'!$D$377:$D$447) -> 40.67 | M8: =QUARTILE('Raw (GPT-5.1)'!$D$377:$D$447,3) -> 44.96 | N8: =MAX('Raw (GPT-5.1)'!$D$377:$D$447) -> 98.77 | O8: =M8-K8 -> 7.55 | P8: =COUNTIF('Raw (GPT-5.1)'!$D$377:$D$447,"<"&(K8-1.5*O8))+COUNTIF('Raw (GPT-5.1)'!$D$377:$D$447,">"&(M8+1.5*O8)) -> 7
A9: 30->10 | B9: 30 | C9: 10 | D9: =B9/C9 -> 3 | E9: =B9-C9 -> 20 | F9: =COUNT('Raw (GPT-5.1)'!$D$448:$D$509) -> 62 | G9: =AVERAGE('Raw (GPT-5.1)'!$D$448:$D$509) -> 40.138226 | H9: =STDEV('Raw (GPT-5.1)'!$D$448:$D$509)/ABS(G9)*100 -> 43.293997 | I9: =AVERAGEIF('Matched (win calc)'!$A$2:$A$244,A9,'Matched (win calc)'!$F$2:$F$244)*100 -> 33.333333 | J9: =MIN('Raw (GPT-5.1)'!$D$448:$D$509) -> 14.16 | K9: =QUARTILE('Raw (GPT-5.1)'!$D$448:$D$509,1) -> 26.865 | L9: =MEDIAN('Raw (GPT-5.1)'!$D$448:$D$509) -> 37.69 | M9: =QUARTILE('Raw (GPT-5.1)'!$D$448:$D$509,3) -> 49.85 | N9: =MAX('Raw (GPT-5.1)'!$D$448:$D$509) -> 113.09 | O9: =M9-K9 -> 22.985 | P9: =COUNTIF('Raw (GPT-5.1)'!$D$448:$D$509,"<"&(K9-1.5*O9))+COUNTIF('Raw (GPT-5.1)'!$D$448:$D$509,">"&(M9+1.5*O9)) -> 2
A10: ranked_final | B10: n/a | C10: n/a | D10: n/a | E10: n/a | F10: =COUNT('Raw (GPT-5.1)'!$D$510:$D$565) -> 56 | G10: =AVERAGE('Raw (GPT-5.1)'!$D$510:$D$565) -> 38.869643 | H10: =STDEV('Raw (GPT-5.1)'!$D$510:$D$565)/ABS(G10)*100 -> 45.63445 | I10: =AVERAGEIF('Matched (win calc)'!$A$2:$A$244,A10,'Matched (win calc)'!$F$2:$F$244)*100 -> 29.62963 | J10: =MIN('Raw (GPT-5.1)'!$D$510:$D$565) -> 13.75 | K10: =QUARTILE('Raw (GPT-5.1)'!$D$510:$D$565,1) -> 28.1125 | L10: =MEDIAN('Raw (GPT-5.1)'!$D$510:$D$565) -> 38.525 | M10: =QUARTILE('Raw (GPT-5.1)'!$D$510:$D$565,3) -> 44.6 | N10: =MAX('Raw (GPT-5.1)'!$D$510:$D$565) -> 107.34 | O10: =M10-K10 -> 16.4875 | P10: =COUNTIF('Raw (GPT-5.1)'!$D$510:$D$565,"<"&(K10-1.5*O10))+COUNTIF('Raw (GPT-5.1)'!$D$510:$D$565,">"&(M10+1.5*O10)) -> 3
A11: 30->5 | B11: 30 | C11: 5 | D11: =B11/C11 -> 6 | E11: =B11-C11 -> 25 | F11: =COUNT('Raw (GPT-5.1)'!$D$566:$D$627) -> 62 | G11: =AVERAGE('Raw (GPT-5.1)'!$D$566:$D$627) -> 32.319355 | H11: =STDEV('Raw (GPT-5.1)'!$D$566:$D$627)/ABS(G11)*100 -> 43.64768 | I11: =AVERAGEIF('Matched (win calc)'!$A$2:$A$244,A11,'Matched (win calc)'!$F$2:$F$244)*100 -> 18.518519 | J11: =MIN('Raw (GPT-5.1)'!$D$566:$D$627) -> -3.54 | K11: =QUARTILE('Raw (GPT-5.1)'!$D$566:$D$627,1) -> 24.59 | L11: =MEDIAN('Raw (GPT-5.1)'!$D$566:$D$627) -> 31.72 | M11: =QUARTILE('Raw (GPT-5.1)'!$D$566:$D$627,3) -> 38.225 | N11: =MAX('Raw (GPT-5.1)'!$D$566:$D$627) -> 71.54 | O11: =M11-K11 -> 13.635 | P11: =COUNTIF('Raw (GPT-5.1)'!$D$566:$D$627,"<"&(K11-1.5*O11))+COUNTIF('Raw (GPT-5.1)'!$D$566:$D$627,">"&(M11+1.5*O11)) -> 5
A13: GPT-5.1, 12-month windows, 626 runs. Outliers = points beyond 1.5×IQR. Matches paper Table 1. Use the column filter/sort to reorder by Ratio, Initial X, or Final Y.

Sheet Raw (GPT-5.1)
A1: Config | B1: Temperature | C1: Window | D1: ROI %
A2: 20->10 | B2: 0.3 | C2: 2024-10_2025-10 | D2: 36.28
A3: 20->10 | B3: 0.3 | C3: 2024-10_2025-10 | D3: 40.21
A4: 20->10 | B4: 0.3 | C4: 2024-10_2025-10 | D4: 44.89
A5: 20->10 | B5: 0.3 | C5: 2024-11_2025-11 | D5: 64.88
A6: 20->10 | B6: 0.3 | C6: 2024-11_2025-11 | D6: 64.39
A7: 20->10 | B7: 0.3 | C7: 2024-11_2025-11 | D7: 40.99
A8: 20->10 | B8: 0.3 | C8: 2024-12_2025-12 | D8: 55.86
A9: 20->10 | B9: 0.3 | C9: 2024-12_2025-12 | D9: 47.22
A10: 20->10 | B10: 0.3 | C10: 2025-01_2026-01 | D10: 47.73
A11: 20->10 | B11: 0.3 | C11: 2025-01_2026-01 | D11: 57.28
A12: 20->10 | B12: 0.3 | C12: 2025-01_2026-01 | D12: 32.74
A13: 20->10 | B13: 0.3 | C13: 2025-02_2026-02 | D13: 61.69
... A627: 30->5 | B627: 0.5 | C627: 2025-06_2026-06 | D627: 35.11

Sheet Matched (win calc)
A1: Config | B1: Temperature | C1: Window | D1: Config mean | E1: Unfiltered mean | F1: Win (1/0)
A2: 10->3 | B2: 0.3 | C2: 2024-10_2025-10 | D2: =AVERAGEIFS('Raw (GPT-5.1)'!$D:$D,'Raw (GPT-5.1)'!$A:$A,A2,'Raw (GPT-5.1)'!$B:$B,B2,'Raw (GPT-5.1)'!$C:$C,C2) -> 41.09 | E2: =AVERAGEIFS('Raw (GPT-5.1)'!$D:$D,'Raw (GPT-5.1)'!$A:$A,"unfiltered",'Raw (GPT-5.1)'!$B:$B,B2,'Raw (GPT-5.1)'!$C:$C,C2) -> 35.4 | F2: =IF(D2>E2,1,0) -> 1
A3: 10->3 | B3: 0.3 | C3: 2024-11_2025-11 | D3: =AVERAGEIFS('Raw (GPT-5.1)'!$D:$D,'Raw (GPT-5.1)'!$A:$A,A3,'Raw (GPT-5.1)'!$B:$B,B3,'Raw (GPT-5.1)'!$C:$C,C3) -> 43.023333 | E3: =AVERAGEIFS('Raw (GPT-5.1)'!$D:$D,'Raw (GPT-5.1)'!$A:$A,"unfiltered",'Raw (GPT-5.1)'!$B:$B,B3,'Raw (GPT-5.1)'!$C:$C,C3) -> 39.4 | F3: =IF(D3>E3,1,0) -> 1
A4: 10->3 | B4: 0.3 | C4: 2024-12_2025-12 | D4: =AVERAGEIFS('Raw (GPT-5.1)'!$D:$D,'Raw (GPT-5.1)'!$A:$A,A4,'Raw (GPT-5.1)'!$B:$B,B4,'Raw (GPT-5.1)'!$C:$C,C4) -> 42.656667 | E4: =AVERAGEIFS('Raw (GPT-5.1)'!$D:$D,'Raw (GPT-5.1)'!$A:$A,"unfiltered",'Raw (GPT-5.1)'!$B:$B,B4,'Raw (GPT-5.1)'!$C:$C,C4) -> 32.24 | F4: =IF(D4>E4,1,0) -> 1
A5: 10->3 | B5: 0.3 | C5: 2025-01_2026-01 | D5: =AVERAGEIFS('Raw (GPT-5.1)'!$D:$D,'Raw (GPT-5.1)'!$A:$A,A5,'Raw (GPT-5.1)'!$B:$B,B5,'Raw (GPT-5.1)'!$C:$C,C5) -> 36.423333 | E5: =AVERAGEIFS('Raw (GPT-5.1)'!$D:$D,'Raw (GPT-5.1)'!$A:$A,"unfiltered",'Raw (GPT-5.1)'!$B:$B,B5,'Raw (GPT-5.1)'!$C:$C,C5) -> 34.79 | F5: =IF(D5>E5,1,0) -> 1
A6: 10->3 | B6: 0.3 | C6: 2025-02_2026-02 | D6: =AVERAGEIFS('Raw (GPT-5.1)'!$D:$D,'Raw (GPT-5.1)'!$A:$A,A6,'Raw (GPT-5.1)'!$B:$B,B6,'Raw (GPT-5.1)'!$C:$C,C6) -> 60.723333 | E6: =AVERAGEIFS('Raw (GPT-5.1)'!$D:$D,'Raw (GPT-5.1)'!$A:$A,"unfiltered",'Raw (GPT-5.1)'!$B:$B,B6,'Raw (GPT-5.1)'!$C:$C,C6) -> 40.76 | F6: =IF(D6>E6,1,0) -> 1
A7: 10->3 | B7: 0.3 | C7: 2025-03_2026-03 | D7: =AVERAGEIFS('Raw (GPT-5.1)'!$D:$D,'Raw (GPT-5.1)'!$A:$A,A7,'Raw (GPT-5.1)'!$B:$B,B7,'Raw (GPT-5.1)'!$C:$C,C7) -> 43.403333 | E7: =AVERAGEIFS('Raw (GPT-5.1)'!$D:$D,'Raw (GPT-5.1)'!$A:$A,"unfiltered",'Raw (GPT-5.1)'!$B:$B,B7,'Raw (GPT-5.1)'!$C:$C,C7) -> 60.11 | F7: =IF(D7>E7,1,0) -> 0
A8: 10->3 | B8: 0.3 | C8: 2025-04_2026-04 | D8: =AVERAGEIFS('Raw (GPT-5.1)'!$D:$D,'Raw (GPT-5.1)'!$A:$A,A8,'Raw (GPT-5.1)'!$B:$B,B8,'Raw (GPT-5.1)'!$C:$C,C8) -> 44.15 | E8: =AVERAGEIFS('Raw (GPT-5.1)'!$D:$D,'Raw (GPT-5.1)'!$A:$A,"unfiltered",'Raw (GPT-5.1)'!$B:$B,B8,'Raw (GPT-5.1)'!$C:$C,C8) -> 44.77 | F8: =IF(D8>E8,1,0) -> 0
A9: 10->3 | B9: 0.3 | C9: 2025-05_2026-05 | D9: =AVERAGEIFS('Raw (GPT-5.1)'!$D:$D,'Raw (GPT-5.1)'!$A:$A,A9,'Raw (GPT-5.1)'!$B:$B,B9,'Raw (GPT-5.1)'!$C:$C,C9) -> 112.075 | E9: =AVERAGEIFS('Raw (GPT-5.1)'!$D:$D,'Raw (GPT-5.1)'!$A:$A,"unfiltered",'Raw (GPT-5.1)'!$B:$B,B9,'Raw (GPT-5.1)'!$C:$C,C9) -> 63.17 | F9: =IF(D9>E9,1,0) -> 1
A10: 10->3 | B10: 0.3 | C10: 2025-06_2026-06 | D10: =AVERAGEIFS('Raw (GPT-5.1)'!$D:$D,'Raw (GPT-5.1)'!$A:$A,A10,'Raw (GPT-5.1)'!$B:$B,B10,'Raw (GPT-5.1)'!$C:$C,C10) -> 46.055 | E10: =AVERAGEIFS('Raw (GPT-5.1)'!$D:$D,'Raw (GPT-5.1)'!$A:$A,"unfiltered",'Raw (GPT-5.1)'!$B:$B,B10,'Raw (GPT-5.1)'!$C:$C,C10) -> 57.9 | F10: =IF(D10>E10,1,0) -> 0
A11: 10->3 | B11: 0.4 | C11: 2024-10_2025-10 | D11: =AVERAGEIFS('Raw (GPT-5.1)'!$D:$D,'Raw (GPT-5.1)'!$A:$A,A11,'Raw (GPT-5.1)'!$B:$B,B11,'Raw (GPT-5.1)'!$C:$C,C11) -> 40.026667 | E11: =AVERAGEIFS('Raw (GPT-5.1)'!$D:$D,'Raw (GPT-5.1)'!$A:$A,"unfiltered",'Raw (GPT-5.1)'!$B:$B,B11,'Raw (GPT-5.1)'!$C:$C,C11) -> 36.69 | F11: =IF(D11>E11,1,0) -> 1
A12: 10->3 | B12: 0.4 | C12: 2024-11_2025-11 | D12: =AVERAGEIFS('Raw (GPT-5.1)'!$D:$D,'Raw (GPT-5.1)'!$A:$A,A12,'Raw (GPT-5.1)'!$B:$B,B12,'Raw (GPT-5.1)'!$C:$C,C12) -> 55.66 | E12: =AVERAGEIFS('Raw (GPT-5.1)'!$D:$D,'Raw (GPT-5.1)'!$A:$A,"unfiltered",'Raw (GPT-5.1)'!$B:$B,B12,'Raw (GPT-5.1)'!$C:$C,C12) -> 43.96 | F12: =IF(D12>E12,1,0) -> 1
A13: 10->3 | B13: 0.4 | C13: 2024-12_2025-12 | D13: =AVERAGEIFS('Raw (GPT-5.1)'!$D:$D,'Raw (GPT-5.1)'!$A:$A,A13,'Raw (GPT-5.1)'!$B:$B,B13,'Raw (GPT-5.1)'!$C:$C,C13) -> 61.02 | E13: =AVERAGEIFS('Raw (GPT-5.1)'!$D:$D,'Raw (GPT-5.1)'!$A:$A,"unfiltered",'Raw (GPT-5.1)'!$B:$B,B13,'Raw (GPT-5.1)'!$C:$C,C13) -> 38.65 | F13: =IF(D13>E13,1,0) -> 1
... A244: ranked_final | B244: 0.5 | C244: 2025-06_2026-06 | D244: =AVERAGEIFS('Raw (GPT-5.1)'!$D:$D,'Raw (GPT-5.1)'!$A:$A,A244,'Raw (GPT-5.1)'!$B:$B,B244,'Raw (GPT-5.1)'!$C:$C,C244) -> 52.82 | E244: =AVERAGEIFS('Raw (GPT-5.1)'!$D:$D,'Raw (GPT-5.1)'!$A:$A,"unfiltered",'Raw (GPT-5.1)'!$B:$B,B244,'Raw (GPT-5.1)'!$C:$C,C244) -> 70.86 | F244: =IF(D244>E244,1,0) -> 0

Sheet By Ratio (X÷Y)
A1: Configuration | B1: Ratio X/Y | C1: Initial X | D1: Final Y | E1: Mean ROI (%) | F1: Win vs Unfiltered (%) | G1: CV (%) | H1: Median | I1: Outliers
A2: 5->3 | B2: =Summary!D8 -> 1.6666667 | C2: 5 | D2: 3 | E2: =Summary!G8 -> 42.164225 | F2: =Summary!I8 -> 40.740741 | G2: =Summary!H8 -> 26.262709 | H2: =Summary!L8 -> 40.67 | I2: =Summary!P8 -> 7
A3: 20->10 | B3: =Summary!D2 -> 2 | C3: 20 | D3: 10 | E3: =Summary!G2 -> 60.571143 | F3: =Summary!I2 -> 81.481481 | G3: =Summary!H2 -> 30.477315 | H3: =Summary!L2 -> 56.955 | I3: =Summary!P2 -> 4
A4: 10->5 | B4: =Summary!D3 -> 2 | C4: 10 | D4: 5 | E4: =Summary!G3 -> 56.217746 | F4: =Summary!I3 -> 77.777778 | G4: =Summary!H3 -> 42.367482 | H4: =Summary!L3 -> 52.43 | I4: =Summary!P3 -> 3
A5: 30->15 | B5: =Summary!D7 -> 2 | C5: 30 | D5: 15 | E5: =Summary!G7 -> 44.196508 | F5: =Summary!I7 -> 40.740741 | G5: =Summary!H7 -> 43.179148 | H5: =Summary!L7 -> 41.5 | I5: =Summary!P7 -> 6
A6: 30->10 | B6: =Summary!D9 -> 3 | C6: 30 | D6: 10 | E6: =Summary!G9 -> 40.138226 | F6: =Summary!I9 -> 33.333333 | G6: =Summary!H9 -> 43.293997 | H6: =Summary!L9 -> 37.69 | I6: =Summary!P9 -> 2
A7: 10->3 | B7: =Summary!D4 -> 3.3333333 | C7: 10 | D7: 3 | E7: =Summary!G4 -> 54.050141 | F7: =Summary!I4 -> 74.074074 | G7: =Summary!H4 -> 51.39437 | H7: =Summary!L4 -> 42.93 | I7: =Summary!P4 -> 8
A8: 20->5 | B8: =Summary!D5 -> 4 | C8: 20 | D8: 5 | E8: =Summary!G5 -> 50.383151 | F8: =Summary!I5 -> 74.074074 | G8: =Summary!H5 -> 52.5852 | H8: =Summary!L5 -> 46.87 | I8: =Summary!P5 -> 10
A9: 30->5 | B9: =Summary!D11 -> 6 | C9: 30 | D9: 5 | E9: =Summary!G11 -> 32.319355 | F9: =Summary!I11 -> 18.518519 | G9: =Summary!H11 -> 43.64768 | H9: =Summary!L11 -> 31.72 | I9: =Summary!P11 -> 5
A10: unfiltered | B10: n/a | C10: n/a | D10: n/a | E10: =Summary!G6 -> 45.683704 | F10: 0 | G10: =Summary!H6 -> 27.096211 | H10: =Summary!L6 -> 41.89 | I10: =Summary!P6 -> 0
A11: ranked_final | B11: n/a | C11: n/a | D11: n/a | E11: =Summary!G10 -> 38.869643 | F11: =Summary!I10 -> 29.62963 | G11: =Summary!H10 -> 45.63445 | H11: =Summary!L10 -> 38.525 | I11: =Summary!P10 -> 3

Sheet By Initial Size (X)
A1: Configuration | B1: Ratio X/Y | C1: Initial X | D1: Final Y | E1: Mean ROI (%) | F1: Win vs Unfiltered (%) | G1: CV (%) | H1: Median | I1: Outliers
A2: 5->3 | B2: =Summary!D8 -> 1.6666667 | C2: 5 | D2: 3 | E2: =Summary!G8 -> 42.164225 | F2: =Summary!I8 -> 40.740741 | G2: =Summary!H8 -> 26.262709 | H2: =Summary!L8 -> 40.67 | I2: =Summary!P8 -> 7
A3: 10->3 | B3: =Summary!D4 -> 3.3333333 | C3: 10 | D3: 3 | E3: =Summary!G4 -> 54.050141 | F3: =Summary!I4 -> 74.074074 | G3: =Summary!H4 -> 51.39437 | H3: =Summary!L4 -> 42.93 | I3: =Summary!P4 -> 8
A4: 10->5 | B4: =Summary!D3 -> 2 | C4: 10 | D4: 5 | E4: =Summary!G3 -> 56.217746 | F4: =Summary!I3 -> 77.777778 | G4: =Summary!H3 -> 42.367482 | H4: =Summary!L3 -> 52.43 | I4: =Summary!P3 -> 3
A5: 20->5 | B5: =Summary!D5 -> 4 | C5: 20 | D5: 5 | E5: =Summary!G5 -> 50.383151 | F5: =Summary!I5 -> 74.074074 | G5: =Summary!H5 -> 52.5852 | H5: =Summary!L5 -> 46.87 | I5: =Summary!P5 -> 10
A6: 20->10 | B6: =Summary!D2 -> 2 | C6: 20 | D6: 10 | E6: =Summary!G2 -> 60.571143 | F6: =Summary!I2 -> 81.481481 | G6: =Summary!H2 -> 30.477315 | H6: =Summary!L2 -> 56.955 | I6: =Summary!P2 -> 4
A7: 30->5 | B7: =Summary!D11 -> 6 | C7: 30 | D7: 5 | E7: =Summary!G11 -> 32.319355 | F7: =Summary!I11 -> 18.518519 | G7: =Summary!H11 -> 43.64768 | H7: =Summary!L11 -> 31.72 | I7: =Summary!P11 -> 5
A8: 30->10 | B8: =Summary!D9 -> 3 | C8: 30 | D8: 10 | E8: =Summary!G9 -> 40.138226 | F8: =Summary!I9 -> 33.333333 | G8: =Summary!H9 -> 43.293997 | H8: =Summary!L9 -> 37.69 | I8: =Summary!P9 -> 2
A9: 30->15 | B9: =Summary!D7 -> 2 | C9: 30 | D9: 15 | E9: =Summary!G7 -> 44.196508 | F9: =Summary!I7 -> 40.740741 | G9: =Summary!H7 -> 43.179148 | H9: =Summary!L7 -> 41.5 | I9: =Summary!P7 -> 6
A10: unfiltered | B10: n/a | C10: n/a | D10: n/a | E10: =Summary!G6 -> 45.683704 | F10: 0 | G10: =Summary!H6 -> 27.096211 | H10: =Summary!L6 -> 41.89 | I10: =Summary!P6 -> 0
A11: ranked_final | B11: n/a | C11: n/a | D11: n/a | E11: =Summary!G10 -> 38.869643 | F11: =Summary!I10 -> 29.62963 | G11: =Summary!H10 -> 45.63445 | H11: =Summary!L10 -> 38.525 | I11: =Summary!P10 -> 3

Sheet By Final Size (Y)
A1: Configuration | B1: Ratio X/Y | C1: Initial X | D1: Final Y | E1: Mean ROI (%) | F1: Win vs Unfiltered (%) | G1: CV (%) | H1: Median | I1: Outliers
A2: 5->3 | B2: =Summary!D8 -> 1.6666667 | C2: 5 | D2: 3 | E2: =Summary!G8 -> 42.164225 | F2: =Summary!I8 -> 40.740741 | G2: =Summary!H8 -> 26.262709 | H2: =Summary!L8 -> 40.67 | I2: =Summary!P8 -> 7
A3: 10->3 | B3: =Summary!D4 -> 3.3333333 | C3: 10 | D3: 3 | E3: =Summary!G4 -> 54.050141 | F3: =Summary!I4 -> 74.074074 | G3: =Summary!H4 -> 51.39437 | H3: =Summary!L4 -> 42.93 | I3: =Summary!P4 -> 8
A4: 10->5 | B4: =Summary!D3 -> 2 | C4: 10 | D4: 5 | E4: =Summary!G3 -> 56.217746 | F4: =Summary!I3 -> 77.777778 | G4: =Summary!H3 -> 42.367482 | H4: =Summary!L3 -> 52.43 | I4: =Summary!P3 -> 3
A5: 20->5 | B5: =Summary!D5 -> 4 | C5: 20 | D5: 5 | E5: =Summary!G5 -> 50.383151 | F5: =Summary!I5 -> 74.074074 | G5: =Summary!H5 -> 52.5852 | H5: =Summary!L5 -> 46.87 | I5: =Summary!P5 -> 10
A6: 30->5 | B6: =Summary!D11 -> 6 | C6: 30 | D6: 5 | E6: =Summary!G11 -> 32.319355 | F6: =Summary!I11 -> 18.518519 | G6: =Summary!H11 -> 43.64768 | H6: =Summary!L11 -> 31.72 | I6: =Summary!P11 -> 5
A7: 20->10 | B7: =Summary!D2 -> 2 | C7: 20 | D7: 10 | E7: =Summary!G2 -> 60.571143 | F7: =Summary!I2 -> 81.481481 | G7: =Summary!H2 -> 30.477315 | H7: =Summary!L2 -> 56.955 | I7: =Summary!P2 -> 4
A8: 30->10 | B8: =Summary!D9 -> 3 | C8: 30 | D8: 10 | E8: =Summary!G9 -> 40.138226 | F8: =Summary!I9 -> 33.333333 | G8: =Summary!H9 -> 43.293997 | H8: =Summary!L9 -> 37.69 | I8: =Summary!P9 -> 2
A9: 30->15 | B9: =Summary!D7 -> 2 | C9: 30 | D9: 15 | E9: =Summary!G7 -> 44.196508 | F9: =Summary!I7 -> 40.740741 | G9: =Summary!H7 -> 43.179148 | H9: =Summary!L7 -> 41.5 | I9: =Summary!P7 -> 6
A10: unfiltered | B10: n/a | C10: n/a | D10: n/a | E10: =Summary!G6 -> 45.683704 | F10: 0 | G10: =Summary!H6 -> 27.096211 | H10: =Summary!L6 -> 41.89 | I10: =Summary!P6 -> 0
A11: ranked_final | B11: n/a | C11: n/a | D11: n/a | E11: =Summary!G10 -> 38.869643 | F11: =Summary!I10 -> 29.62963 | G11: =Summary!H10 -> 45.63445 | H11: =Summary!L10 -> 38.525 | I11: =Summary!P10 -> 3
